BOMBONE v.pun SOUR MIX-PROZOR 2/100 PEZ,AL-GROSSO 024,BOMBONE v.pun SOUR MIX-PROZOR 2/100 PEZ,22.00,AL-GROSSO 024,,10.00
ALEKSANDRIJA - STRUDLA MESANA RF 4/1,ALEKS 04,ALEKSANDRIJA - STRUDLA MESANA RF 4/1,290.00,ALEKS 04,,jan.91
APATINSKO PIVO 2L 6/1,APATIN 01,APATINSKO PIVO 2L 6/1,132.00,APATIN 01,,3.00
JELEN PIVO 1L 9/1,APATIN 07,JELEN PIVO 1L 9/1,95.00,APATIN 07,,9.00
JELEN PIVO LIMENKA 0.5 24/1,APATIN 08,JELEN PIVO LIMENKA 0.5 24/1,60.00,APATIN 08,,16.00
DIABETINO 1kG x 5 sa kokosom,API-PEK 01,DIABETINO 1kG x 5 sa kokosom,415.00,API-PEK 01,,0.89
DIABETINO sa cimetom 1kg x 5#,API-PEK 06,DIABETINO sa cimetom 1kg x 5#,415.00,API-PEK 06,,1.00
BOMBONE BLASY 2kg  6kg/1#,ART 01,BOMBONE BLASY 2kg  6kg/1#,359.00,ART 01,,feb.40
TAAN ALVA BELA 250gr 18/#,ASKUS 001,TAAN ALVA BELA 250gr 18/#,117.00,ASKUS 001,,3.00
TAAN ALVA COKO 250gr 18/#,ASKUS 004,TAAN ALVA COKO 250gr 18/#,117.00,ASKUS 004,,3.00
PLAZMA KEKS 75gr x 32-BAMBI,BAMBI 002,PLAZMA KEKS 75gr x 32-BAMBI,37.00,BAMBI 002,,3.00
PLAZMA KEKS 150gr x 48-BAMBI,BAMBI 003,PLAZMA KEKS 150gr x 48-BAMBI,72.00,BAMBI 003,,2.00
PLAZMA KEKS 300gr x 24-BAMBI,BAMBI 004,PLAZMA KEKS 300gr x 24-BAMBI,141.00,BAMBI 004,,3.00
PLAZMA MLEVENA 300gr x16-BAMBI,BAMBI 006,PLAZMA MLEVENA 300gr x16-BAMBI,143.00,BAMBI 006,,4.00
ZLATNI PEK RF 4.2kg BAMBI,BAMBI 008,ZLATNI PEK RF 4.2kg BAMBI,140.00,BAMBI 008,,jan.28
BAMBI MIX 400gr x 10-BAMBI,BAMBI 018,BAMBI MIX 400gr x 10-BAMBI,93.00,BAMBI 018,,3.00
BAMBIJEVE RIBICE 90gr x 32-BAMBI,BAMBI 019,BAMBIJEVE RIBICE 90gr x 32-BAMBI,21.00,BAMBI 019,,2.00
PERECE 90grx 28-BAMBI,BAMBI 021,PERECE 90grx 28-BAMBI,22.00,BAMBI 021,,2.00
MLECNI KEKS 4.5 KG RF,BAMBI 038,MLECNI KEKS 4.5 KG RF,170.00,BAMBI 038,,apr.20
INT.KEKS LESNIK 210gr 16/1# WELLNES,BAMBI 041,INT.KEKS LESNIK 210gr 16/1# WELLNES,75.00,BAMBI 041,,2.00
INT.KEKS S.GROZDJE 210gr 16/1# WELLNES,BAMBI 042,INT.KEKS S.GROZDJE 210gr 16/1# WELLNES,65.00,BAMBI 042,,1.00
YO DORO NAPOLI.COKOLADA 200g 20/1#,BAMBI 053,YO DORO NAPOLI.COKOLADA 200g 20/1#,60.00,BAMBI 053,,0.00
YO DORO NAPO.MLEKO-LES 200gr  20/1#,BAMBI 054,YO DORO NAPO.MLEKO-LES 200gr  20/1#,60.00,BAMBI 054,,0.00
COKO PLAZMA 60g  24/1#,BAMBI 068,COKO PLAZMA 60g  24/1#,37.50,BAMBI 068,,2.00
INT.KEKS NARAN.COKOLADA 205gr 18/1# WEL,BAMBI 069,INT.KEKS NARAN.COKOLADA 205gr 18/1# WEL,87.00,BAMBI 069,,2.00
YO DORO BALANS KAKAO 100g 32/1#,BAMBI 074,YO DORO BALANS KAKAO 100g 32/1#,58.00,BAMBI 074,,0.00
ZLATNI PEK COKOLADA  180gr 14/1#,BAMBI 083,ZLATNI PEK COKOLADA  180gr 14/1#,45.00,BAMBI 083,,1.00
ZLATNI PEK MED 180gr 14/1#,BAMBI 086,ZLATNI PEK MED 180gr 14/1#,47.00,BAMBI 086,,3.00
NOTTE LESNIK 30g 20/1# BAMBI,BAMBI 094,NOTTE LESNIK 30g 20/1# BAMBI,26.00,BAMBI 094,,16.00
COK.NARANDZA CRNA 90g 23/1#,BAMBI 103,COK.NARANDZA CRNA 90g 23/1#,76.00,BAMBI 103,,0.00
COK.MALINA CRNA 90g 21/1#,BAMBI 107,COK.MALINA CRNA 90g 21/1#,75.00,BAMBI 107,,1.00
COK.VISNJA CRNA 90g 21/1#,BAMBI 114,COK.VISNJA CRNA 90g 21/1#,75.00,BAMBI 114,,2.00
COKOLADA70% KAKAO 90g 23/1#,BAMBI 115,COKOLADA70% KAKAO 90g 23/1#,73.00,BAMBI 115,,3.00
PLAZMA DOBAR START 450g 6/1# BAMBI,BAMBI 124,PLAZMA DOBAR START 450g 6/1# BAMBI,226.00,BAMBI 124,,1.00
INT.KEKS BRUSNICA JOG.205g WELLNES 18/1,BAMBI 135,INT.KEKS BRUSNICA JOG.205g WELLNES 18/1,100.00,BAMBI 135,,2.00
JUHU PUCKETAVA ML.COKO.30g 36/1#,BAMBI 139,JUHU PUCKETAVA ML.COKO.30g 36/1#,22.00,BAMBI 139,,10.00
YO-YO 30g x20kom 12 TK - BANAT,BANAT 18,YO-YO 30g x20kom 12 TK - BANAT,15.00,BANAT 18,,20.00
JUHU-PLAZMA 27grx36kom 12/1# - BANAT,BANAT 28,JUHU-PLAZMA 27grx36kom 12/1# - BANAT,21.00,BANAT 28,,34.00
NOBLICE 5kg-BANINI,BANINI 01,NOBLICE 5kg-BANINI,235.00,BANINI 01,,3.nov
NOBLICE 125g 30kom 3.75kg-BANINI,BANINI 06,NOBLICE 125g 30kom 3.75kg-BANINI,49.00,BANINI 06,,2.00
NOBLICE 250g 15kom 3.75kg-BANINI,BANINI 07,NOBLICE 250g 15kom 3.75kg-BANINI,90.00,BANINI 07,,3.00
TOTO 137.5g 30/1 4.125kg-BANINI,BANINI 08,TOTO 137.5g 30/1 4.125kg-BANINI,46.00,BANINI 08,,3.00
DOMACICA 275g 15kom 4.125kg-BANINI,BANINI 14,DOMACICA 275g 15kom 4.125kg-BANINI,88.00,BANINI 14,,3.00
RUM KASATO 120G 40kom-BANINI,BANINI 16,RUM KASATO 120G 40kom-BANINI,35.00,BANINI 16,,3.00
DOMACICA 4.125 kg,BANINI 28,DOMACICA 4.125 kg,220.00,BANINI 28,,jan.27
SLANI STAPICI SUSAM -POSNI 3kg,BART 009,SLANI STAPICI SUSAM -POSNI 3kg,330.00,BART 009,,feb.17
SLANI STAPICI INTEGRALNI -POSNI 3kg,BART 010,SLANI STAPICI INTEGRALNI -POSNI 3kg,330.00,BART 010,,feb.79
FIGURINE 9/1,BARVALO 001,FIGURINE 9/1,18.00,BARVALO 001,,29.00
V.FIGURE 1/1,BARVALO 002,V.FIGURE 1/1,282.00,BARVALO 002,,3.00
MALE KOPACKE 2/1,BARVALO 009,MALE KOPACKE 2/1,288.00,BARVALO 009,,2.00
PERLE 24/1,BARVALO 011,PERLE 24/1,63.00,BARVALO 011,,8.00
POLJSKO CVECE 1/1,BARVALO 015,POLJSKO CVECE 1/1,65.00,BARVALO 015,,3.00
KOKOS U BOJI 12/1,BARVALO 025,KOKOS U BOJI 12/1,58.00,BARVALO 025,,2.00
BIOBELLA-KOKOS RF  1/1,BELA 001,BIOBELLA-KOKOS RF  1/1,460.00,BELA 001,,0.69
BIOBELLA-CIMET RF  1/1,BELA 002,BIOBELLA-CIMET RF  1/1,460.00,BELA 002,,0.18
BIOBELLA-ROGAC RF  1/1,BELA 003,BIOBELLA-ROGAC RF  1/1,460.00,BELA 003,,0.88
BIOBELLA-LIMUN RF  1/1,BELA 004,BIOBELLA-LIMUN RF  1/1,460.00,BELA 004,,0.34
BIOGRIC-SUSAM RF  1/1,BELA 005,BIOGRIC-SUSAM RF  1/1,205.00,BELA 005,,0.44
BIOGRIC-KIKIRIKI  1/1,BELA 006,BIOGRIC-KIKIRIKI  1/1,205.00,BELA 006,,-0.02
PETIT 1/1  6kg -BELINA,BELINA 20,PETIT 1/1  6kg -BELINA,130.00,BELINA 20,,feb.40
ESPRESO KEKS 5/1   BELINA,BELINA 27,ESPRESO KEKS 5/1   BELINA,210.00,BELINA 27,,5.00
CHOCO LAX 25/1,BH 002,CHOCO LAX 25/1,50.00,BH 002,,0.00
BOZA   1 L   1X9kom,BIN 002,BOZA   1 L   1X9kom,82.00,BIN 002,,3.00
BOZA 0.5 L   1X12kom,BIN 003,BOZA 0.5 L   1X12kom,45.00,BIN 003,,3.00
TAHINI  6kom/1# 360g,BIOLAND 001,TAHINI  6kom/1# 360g,220.00,BIOLAND 001,,2.00
SUVI PIVSKI KVASAC 200gr,BIP 001,SUVI PIVSKI KVASAC 200gr,195.00,BIP 001,,2.00
SUVI PIVSKI KVASAC 400gr,BIP 002,SUVI PIVSKI KVASAC 400gr,325.00,BIP 002,,2.00
HLADNO CEDJENO SUNCOK. ULJE 1L 12/1#,BISER 001,HLADNO CEDJENO SUNCOK. ULJE 1L 12/1#,115.00,BISER 001,,2.00
BONITO KAFA 100G  60/1#,BONITO 01,BONITO KAFA 100G  60/1#,61.00,BONITO 01,,55.00
BONITO KAFA 200G  30/1#,BONITO 02,BONITO KAFA 200G  30/1#,122.00,BONITO 02,,26.00
"PRASAK ZA PECIVO ""C 12g x100kom",C-PRO 006,"PRASAK ZA PECIVO ""C 12g x100kom",5.00,C-PRO 006,,89.00
"VANILIN SECER ""C"" 10g X150kom",C-PRO 007,"VANILIN SECER ""C"" 10g X150kom",5.00,C-PRO 007,,129.00
"SUPA KOKOSIJA ""C"" 20/1# 65g",C-PRO 008,"SUPA KOKOSIJA ""C"" 20/1# 65g",40.00,C-PRO 008,,20.00
"SUPA GOVEDJA ""C"" 20/1# 65g",C-PRO 009,"SUPA GOVEDJA ""C"" 20/1# 65g",45.00,C-PRO 009,,20.00
"ZACIN ""C"" 250g x30kom",C-PRO 015,"ZACIN ""C"" 250g x30kom",63.00,C-PRO 015,,2.00
"ZACIN ""C"" 500g x18kom",C-PRO 016,"ZACIN ""C"" 500g x18kom",120.00,C-PRO 016,,2.00
"SUPA NJUPA KOK.""C"" 60gx20",C-PRO 034,"SUPA NJUPA KOK.""C"" 60gx20",40.00,C-PRO 034,,20.00
"SLAG POSNI""C"" 40gr 35/1",C-PRO 050,"SLAG POSNI""C"" 40gr 35/1",39.00,C-PRO 050,,35.00
KANTARION (hiypericum perforatum)  1kg,CA 001,KANTARION (hiypericum perforatum)  1kg,380.00,CA 001,,1.00
RUZMARIN (rosmarinus officinalis)  1kg,CA 002,RUZMARIN (rosmarinus officinalis)  1kg,520.00,CA 002,,1.00
MAJCINA DUSICA (thymus serpyllum)  1kg,CA 004,MAJCINA DUSICA (thymus serpyllum)  1kg,410.00,CA 004,,1.00
MATICNJAK (melissa officinalis)  1kg,CA 005,MATICNJAK (melissa officinalis)  1kg,520.00,CA 005,,2.00
PERSUN (petroselini folium)  1kg,CA 006,PERSUN (petroselini folium)  1kg,430.00,CA 006,,0.80
NANA (menthae piperitae folium) 1kg,CA 007,NANA (menthae piperitae folium) 1kg,700.00,CA 007,,1.00
RTANJSKI(saturejae herba)  1kg,CA 009,RTANJSKI(saturejae herba)  1kg,410.00,CA 009,,1.00
SENA (sennae folium) 1kg,CA 011,SENA (sennae folium) 1kg,500.00,CA 011,,1.00
SIPAK (cynosbati fructus) 1kg,CA 012,SIPAK (cynosbati fructus) 1kg,460.00,CA 012,,1.00
UVA (uvae ursi folium) 1kg,CA 013,UVA (uvae ursi folium) 1kg,600.00,CA 013,,1.00
ZELENI (theae folium) 1kg,CA 014,ZELENI (theae folium) 1kg,800.00,CA 014,,0.50
RASTAVIC (equisetum arvense) 1kg,CA 015,RASTAVIC (equisetum arvense) 1kg,380.00,CA 015,,1.00
ZALFIJA (salvia officinalis)  1kg,CA 016,ZALFIJA (salvia officinalis)  1kg,520.00,CA 016,,1.00
KOPRIVA (urticae folium)   1 KG,CA 019,KOPRIVA (urticae folium)   1 KG,360.00,CA 019,,1.00
CRNI(theae folium) 1kg,CA 028,CRNI(theae folium) 1kg,930.00,CA 028,,1.00
HAJDUCKA TRAVA (millefoli flos) 1kg,CA 030,HAJDUCKA TRAVA (millefoli flos) 1kg,400.00,CA 030,,1.00
HIBISKUS (hibisci flos) 1kg,CA 031,HIBISKUS (hibisci flos) 1kg,970.00,CA 031,,1.00
ORIGANO (origani heracleotici herba) 1k,CA 034,ORIGANO (origani heracleotici herba) 1k,830.00,CA 034,,0.95
CELER (apium graveolens) 1kg,CA 037,CELER (apium graveolens) 1kg,680.00,CA 037,,0.95
KAMILICA (chamomillae flos) 1kg,CA 041,KAMILICA (chamomillae flos) 1kg,870.00,CA 041,,2.00
KRUSINA (rhamnus frangula) 1kg,CA 046,KRUSINA (rhamnus frangula) 1kg,560.00,CA 046,,1.00
PISKOTE CASSATO FOOD 4/1,CASSATO 001,PISKOTE CASSATO FOOD 4/1,390.00,CASSATO 001,,feb.19
COKOLINE MLJAC MLJAC 3.5/1,COKOLINE 05,COKOLINE MLJAC MLJAC 3.5/1,310.00,COKOLINE 05,,3.apr
COKOLINE PRALINE  2/1,COKOLINE 08,COKOLINE PRALINE  2/1,350.00,COKOLINE 08,,jan.55
MLJAC COKO NARANDZA 3/1,COKOLINE 13,MLJAC COKO NARANDZA 3/1,330.00,COKOLINE 13,,feb.30
COCA-COLA 2L 8/1                     13,COLA 15,COCA-COLA 2L 8/1                     13,97.00,COLA 15,,5.00
COCA-COLA 1L 12/1                    06,COLA 23,COCA-COLA 1L 12/1                    06,67.00,COLA 23,,6.00
TONIC 1.5L 8/1                       06,COLA 27,TONIC 1.5L 8/1                       06,92.00,COLA 27,,6.00
FANTA ORANGE 2L 8/1- PROMOTIVNA,COLA 35,FANTA ORANGE 2L 8/1- PROMOTIVNA,92.00,COLA 35,,7.00
COCA-COLA 0.5L 24/1 SUMMER,COLA 55,COCA-COLA 0.5L 24/1 SUMMER,49.50,COLA 55,,19.00
ULTRA ENERGY 0,25 24/1#,COLA 81,ULTRA ENERGY 0,25 24/1#,45.00,COLA 81,,18.00
EL FAMOSO NATU. 500gr 10/1,CORNAS 001,EL FAMOSO NATU. 500gr 10/1,182.00,CORNAS 001,,0.00
JAFA 150g 24kom 3.6kg-CRVENKA,CRVENKA 01,JAFA 150g 24kom 3.6kg-CRVENKA,74.00,CRVENKA 01,,7.00
JAFA 300g 12kom 3.6kg-CRVENKA,CRVENKA 02,JAFA 300g 12kom 3.6kg-CRVENKA,133.00,CRVENKA 02,,3.00
MANCMELOU 105g 24kom 2.52kg-CRVENKA,CRVENKA 03,MANCMELOU 105g 24kom 2.52kg-CRVENKA,50.00,CRVENKA 03,,2.00
KREKER TAK 200g 12/1 -CRVENKA,CRVENKA 13,KREKER TAK 200g 12/1 -CRVENKA,45.00,CRVENKA 13,,3.00
JAFA 150g VISNJA 24/1#,CRVENKA 63,JAFA 150g VISNJA 24/1#,74.00,CRVENKA 63,,2.00
RATLUK RUZA 3/1-CUKOVIC,CUKOV01,RATLUK RUZA 3/1-CUKOVIC,180.00,CUKOV01,,0.54
RATLUK ORAH 3/1-CUKOVIC,CUKOV02,RATLUK ORAH 3/1-CUKOVIC,140.00,CUKOV02,,jan.55
RATLUK VANILA 3/1-CUKOVIC,CUKOV03,RATLUK VANILA 3/1-CUKOVIC,130.00,CUKOV03,,jan.36
RATLUK JAGODA 3/1-CUKOVIC,CUKOV04,RATLUK JAGODA 3/1-CUKOVIC,130.00,CUKOV04,,3.00
ZELE BOMBONE 3/1,CUKOV05,ZELE BOMBONE 3/1,165.00,CUKOV05,,feb.24
MLEVENI MAK 200GR 20/1,DANDDY 001,MLEVENI MAK 200GR 20/1,107.00,DANDDY 001,,2.00
RUZICE VECE 10/1-DECOR,DECOR 01,RUZICE VECE 10/1-DECOR,20.00,DECOR 01,,19.00
RUZICE MANJE 20/1-DECOR,DECOR 02,RUZICE MANJE 20/1-DECOR,15.00,DECOR 02,,20.00
RUZICE VECE 3/1-DECOR,DECOR 08,RUZICE VECE 3/1-DECOR,40.00,DECOR 08,,6.00
DIJAMANT MARGARIN 5/1,DIJAM 01,DIJAMANT MARGARIN 5/1,36.00,DIJAM 01,,10.00
ULJE DIJAMANT 15/1,DIJAMANT 01,ULJE DIJAMANT 15/1,81.00,DIJAMANT 01,,10.00
MASLINOVO ULJE 1L EXTRA VIRGIN 12/1#,DIVELLA 001,MASLINOVO ULJE 1L EXTRA VIRGIN 12/1#,670.00,DIVELLA 001,,2.00
MASLINOVO ULJE 0.5l EXTRA VIRGIN 12/1#,DIVELLA 002,MASLINOVO ULJE 0.5l EXTRA VIRGIN 12/1#,440.00,DIVELLA 002,,2.00
PROPOLIS ZA ODRASLE,DIVIZMA 002,PROPOLIS ZA ODRASLE,130.00,DIVIZMA 002,,3.00
PROPOLIS ZA MRSAVLJENJE,DIVIZMA 004,PROPOLIS ZA MRSAVLJENJE,130.00,DIVIZMA 004,,3.00
PROPOLIS ZA CIRKULACIJU,DIVIZMA 006,PROPOLIS ZA CIRKULACIJU,130.00,DIVIZMA 006,,3.00
KAPI OD GLOGA,DIVIZMA 008,KAPI OD GLOGA,115.00,DIVIZMA 008,,3.00
KAPI OD KOPRIVE,DIVIZMA 010,KAPI OD KOPRIVE,115.00,DIVIZMA 010,,3.00
KAPI OD VALERIJANE,DIVIZMA 011,KAPI OD VALERIJANE,115.00,DIVIZMA 011,,3.00
KAPI KANTARIONA SPOLJNA UPOTREBA,DIVIZMA 012,KAPI KANTARIONA SPOLJNA UPOTREBA,115.00,DIVIZMA 012,,3.00
KAPI OD ARTICOKE,DIVIZMA 015,KAPI OD ARTICOKE,115.00,DIVIZMA 015,,3.00
SIRUP OD BELOG SLEZA,DIVIZMA 016,SIRUP OD BELOG SLEZA,115.00,DIVIZMA 016,,2.00
SIRUP OD BOKVICE,DIVIZMA 017,SIRUP OD BOKVICE,130.00,DIVIZMA 017,,3.00
SIRUP OD JAGORCEVINE,DIVIZMA 019,SIRUP OD JAGORCEVINE,115.00,DIVIZMA 019,,3.00
KAPI KANTARIONA UNUTRASNJA UPOTREBA,DIVIZMA 020,KAPI KANTARIONA UNUTRASNJA UPOTREBA,115.00,DIVIZMA 020,,3.00
AJVAR BLAGI 680g 12/1 -DOMATTI,DOMATTI 005,AJVAR BLAGI 680g 12/1 -DOMATTI,170.00,DOMATTI 005,,0.00
ANANAS KOLUTOVI 850ml  12/1,DUCLA 06,ANANAS KOLUTOVI 850ml  12/1,230.00,DUCLA 06,,2.00
ANANAS KOMADI   850ml  12/1,DUCLA 07,ANANAS KOMADI   850ml  12/1,195.00,DUCLA 07,,2.00
ANANAS KOLUTOVI 580ml  12/1,DUCLA 08,ANANAS KOLUTOVI 580ml  12/1,160.00,DUCLA 08,,1.00
ANANAS KOMADI   580ml   12/1,DUCLA 09,ANANAS KOMADI   580ml   12/1,125.00,DUCLA 09,,2.00
CIKORIJA,E-PAN 001,CIKORIJA,78.00,E-PAN 001,,2.00
BIOKAFA,E-PAN 002,BIOKAFA,52.00,E-PAN 002,,2.00
SIRCE D.JABUKE STAND.0.5 X 20-EKOFARM,EKOFARM 01,SIRCE D.JABUKE STAND.0.5 X 20-EKOFARM,64.00,EKOFARM 01,,2.00
SIRCE D.JABUKE MRSAV.0.5 X 20-EKOFARM,EKOFARM 02,SIRCE D.JABUKE MRSAV.0.5 X 20-EKOFARM,66.00,EKOFARM 02,,4.00
SIRCE D.JABUKE CIRKU.0.5 X 20-EKOFARM,EKOFARM 03,SIRCE D.JABUKE CIRKU.0.5 X 20-EKOFARM,66.00,EKOFARM 03,,2.00
JABUKOVO SIRCE 1 X 12-EKOFARM,EKOFARM 05,JABUKOVO SIRCE 1 X 12-EKOFARM,70.00,EKOFARM 05,,3.00
KUPINOVO VINO 0.75 X 6-EKOFARM,EKOFARM 06,KUPINOVO VINO 0.75 X 6-EKOFARM,285.00,EKOFARM 06,,1.00
ODMENJSKA VODA  5/1 - EKOFARM,EKOFARM 09,ODMENJSKA VODA  5/1 - EKOFARM,75.00,EKOFARM 09,,4.00
SIRUP CVETA ZOVE 0.7 X 12 -EKOFARM,EKOFARM 15,SIRUP CVETA ZOVE 0.7 X 12 -EKOFARM,180.00,EKOFARM 15,,1.00
SIRUP PLODA ZOVE 0.7 X 12 -EKOFARM,EKOFARM 16,SIRUP PLODA ZOVE 0.7 X 12 -EKOFARM,180.00,EKOFARM 16,,2.00
SIRUP KOPRIVE 0.7 X 12 -EKOFARM,EKOFARM 17,SIRUP KOPRIVE 0.7 X 12 -EKOFARM,180.00,EKOFARM 17,,1.00
SIRUP OD DRENJINE 0.7 X 12 -EKOFARM,EKOFARM 18,SIRUP OD DRENJINE 0.7 X 12 -EKOFARM,180.00,EKOFARM 18,,2.00
SIRUP MENTE-NANA 0.7 x 12 -EKOFARM,EKOFARM 19,SIRUP MENTE-NANA 0.7 x 12 -EKOFARM,180.00,EKOFARM 19,,2.00
SIRUP HIBISKUS 0.7 x 12 - EKOFARM,EKOFARM 20,SIRUP HIBISKUS 0.7 x 12 - EKOFARM,180.00,EKOFARM 20,,2.00
SIRUP OD KUPINE 0.7l 12/1#EKOFARM,EKOFARM 24,SIRUP OD KUPINE 0.7l 12/1#EKOFARM,180.00,EKOFARM 24,,2.00
COKOLADA U PRAHU ER 1/1,ERIKSON 003,COKOLADA U PRAHU ER 1/1,270.00,ERIKSON 003,,2.00
CHERRY DESERT        2 KG,EUR-SW 006,CHERRY DESERT        2 KG,640.00,EUR-SW 006,,jan.25
DEDA MRAZ 20g 25/1,EUR-SW 050,DEDA MRAZ 20g 25/1,38.00,EUR-SW 050,,17.00
BOMBONE GUMENE MENTOL 2KG,EUR-SW 058,BOMBONE GUMENE MENTOL 2KG,490.00,EUR-SW 058,,1.00
EVRO MINI BANANA 3.5/1,EVROPA 02,EVRO MINI BANANA 3.5/1,500.00,EVROPA 02,,mar.17
BOMBONJERA BUKET 200GR,EVROPA 07,BOMBONJERA BUKET 200GR,270.00,EVROPA 07,,1.00
MIKS BOMBONA EVROPA 3/1,EVROPA 15,MIKS BOMBONA EVROPA 3/1,340.00,EVROPA 15,,feb.14
BELA MENTA RF 3/1 EVROPA,EVROPA 18,BELA MENTA RF 3/1 EVROPA,310.00,EVROPA 18,,feb.20
RUM PLOCICA RF 3.5,EVROPA 24,RUM PLOCICA RF 3.5,500.00,EVROPA 24,,mar.18
KREM BANANA RF 3.5kg,EVROPA 28,KREM BANANA RF 3.5kg,470.00,EVROPA 28,,jan.24
SMOKVA SUVA 2kg,EXOTICA 074,SMOKVA SUVA 2kg,380.00,EXOTICA 074,,feb.26
KAJSIJA SUVA 200g 50/1#,EXOTICA 080,KAJSIJA SUVA 200g 50/1#,75.00,EXOTICA 080,,0.00
SECER 1/1 KRISTAL 10/1#,FEDELA 001,SECER 1/1 KRISTAL 10/1#,61.00,FEDELA 001,,2.00
BRASNO T-400 MEKO 1/1 10/# FIDELINKA,FIDELINKA 004,BRASNO T-400 MEKO 1/1 10/# FIDELINKA,45.00,FIDELINKA 004,,5.00
BRASNO T-500 1/1 10/#,FIDELINKA 005,BRASNO T-500 1/1 10/#,42.00,FIDELINKA 005,,7.00
CUCLA LIZALICA    100kom/1#   FILIPOVIC,FILIP 001,CUCLA LIZALICA    100kom/1#   FILIPOVIC,8.00,FILIP 001,,100.00
KISOBRANCIC LIZA. 100kom/1#   FILIPOVIC,FILIP 002,KISOBRANCIC LIZA. 100kom/1#   FILIPOVIC,8.00,FILIP 002,,90.00
ANANAS U KOCKI 1/1,FLORIDA 001,ANANAS U KOCKI 1/1,370.00,FLORIDA 001,,jan.34
PAPAJA U KOCKI 1/1,FLORIDA 003,PAPAJA U KOCKI 1/1,420.00,FLORIDA 003,,0.80
BANANA CIPS  1.5 KG,FLORIDA 004,BANANA CIPS  1.5 KG,300.00,FLORIDA 004,,0.80
SIRUP OD IZDANKA BORA 410GR  1#/12 kom,FOODLAND 007,SIRUP OD IZDANKA BORA 410GR  1#/12 kom,205.00,FOODLAND 007,,2.00
BALSAMICO SIRCE 250ml 12/1#,FOODLAND 008,BALSAMICO SIRCE 250ml 12/1#,195.00,FOODLAND 008,,1.00
OVSENE MEKINJE 0.500g 24/1#,FORTIN 001,OVSENE MEKINJE 0.500g 24/1#,235.00,FORTIN 001,,3.00
SOK MRKVA 0.7L 100% -FRUCTAL  12KOM,FRUCTAL 01,SOK MRKVA 0.7L 100% -FRUCTAL  12KOM,178.00,FRUCTAL 01,,3.00
SOK CVEKLA 0.7L 100% -FRUCTAL  12KOM,FRUCTAL 02,SOK CVEKLA 0.7L 100% -FRUCTAL  12KOM,198.00,FRUCTAL 02,,2.00
NANA               F,FRUCTUS 001,NANA               F,38.00,FRUCTUS 001,,3.00
SIPAK              F,FRUCTUS 002,SIPAK              F,49.00,FRUCTUS 002,,3.00
HIBISKUS           F,FRUCTUS 003,HIBISKUS           F,49.00,FRUCTUS 003,,3.00
ZELENI             F,FRUCTUS 006,ZELENI             F,48.00,FRUCTUS 006,,3.00
LIPA               F,FRUCTUS 007,LIPA               F,46.00,FRUCTUS 007,,2.00
KANTARION          F,FRUCTUS 008,KANTARION          F,40.00,FRUCTUS 008,,2.00
UVA                F,FRUCTUS 009,UVA                F,46.00,FRUCTUS 009,,2.00
KOPRIVA            F,FRUCTUS 010,KOPRIVA            F,40.00,FRUCTUS 010,,2.00
DIVLJA TRESNJA     F,FRUCTUS 011,DIVLJA TRESNJA     F,72.00,FRUCTUS 011,,2.00
JAGODA             F,FRUCTUS 012,JAGODA             F,70.00,FRUCTUS 012,,3.00
MAJCINA DUSICA     F,FRUCTUS 018,MAJCINA DUSICA     F,40.00,FRUCTUS 018,,3.00
ZALFIJA            F,FRUCTUS 021,ZALFIJA            F,50.00,FRUCTUS 021,,2.00
ZELENI SA LIMUNOM  F,FRUCTUS 022,ZELENI SA LIMUNOM  F,61.00,FRUCTUS 022,,2.00
MALINA             F,FRUCTUS 024,MALINA             F,70.00,FRUCTUS 024,,2.00
FITNES             F,FRUCTUS 027,FITNES             F,100.00,FRUCTUS 027,,2.00
KAMILICA           F,FRUCTUS 028,KAMILICA           F,36.00,FRUCTUS 028,,2.00
ZELENI SA NARANDZOM    F,FRUCTUS 030,ZELENI SA NARANDZOM    F,58.00,FRUCTUS 030,,3.00
BRUSNICA           F,FRUCTUS 035,BRUSNICA           F,92.00,FRUCTUS 035,,3.00
SUMSKO VOCE      F,FRUCTUS 037,SUMSKO VOCE      F,92.00,FRUCTUS 037,,3.00
LANENE PLOCICE    5/1   BASKET,GB 001,LANENE PLOCICE    5/1   BASKET,390.00,GB 001,,feb.23
OVSENE PLOCICE    5/1   BASKET,GB 002,OVSENE PLOCICE    5/1   BASKET,390.00,GB 002,,apr.90
INT. STAPICI MAK  5/1   BASKET,GB 004,INT. STAPICI MAK  5/1   BASKET,380.00,GB 004,,apr.64
HELJDINE PLOCICE 5/1    BASKET,GB 007,HELJDINE PLOCICE 5/1    BASKET,390.00,GB 007,,apr.64
ROZEN KORA    20/#,GIBA01,ROZEN KORA    20/#,177.00,GIBA01,,0.00
PUSLICE 100g   40KOM/#,GIBA03,PUSLICE 100g   40KOM/#,55.00,GIBA03,,3.00
SUSENI MANGO,GOOD 002,SUSENI MANGO,650.00,GOOD 002,,0.80
KARAMELA KAKAO-1kg/4#-VURAL,GOOD 011,KARAMELA KAKAO-1kg/4#-VURAL,420.00,GOOD 011,,jan.46
KARAMELA MLECNA-1kg/4#-VURAL,GOOD 012,KARAMELA MLECNA-1kg/4#-VURAL,420.00,GOOD 012,,jan.71
TVRDA MLECNA BOMBONA-1kg/4#-VURAL,GOOD 013,TVRDA MLECNA BOMBONA-1kg/4#-VURAL,360.00,GOOD 013,,0.95
VURAL KARAMELA FRUTI-1kg/4#-VURAL,GOOD 014,VURAL KARAMELA FRUTI-1kg/4#-VURAL,420.00,GOOD 014,,0.69
PEACH RINGS GUMENE BOM-1kg/12#-VURAL,GOOD 015,PEACH RINGS GUMENE BOM-1kg/12#-VURAL,540.00,GOOD 015,,jan.17
BEBETO MIX GUMENE BOM-1kg/12#-VURAL,GOOD 017,BEBETO MIX GUMENE BOM-1kg/12#-VURAL,540.00,GOOD 017,,0.78
TEETHOS GUMENE BOMBONE-1kg/12#-VURAL,GOOD 020,TEETHOS GUMENE BOMBONE-1kg/12#-VURAL,540.00,GOOD 020,,0.79
GRAND KAFA 100G 60/1#,GRAND 02,GRAND KAFA 100G 60/1#,73.00,GRAND 02,,49.00
GRAND KAFA 200G 30/1#,GRAND 03,GRAND KAFA 200G 30/1#,140.00,GRAND 03,,19.00
VANILICE POSNE 3/1-ILVA,ILVA 002,VANILICE POSNE 3/1-ILVA,280.00,ILVA 002,,mar.21
SHOYU SOS         200ml.,INKA 005,SHOYU SOS         200ml.,340.00,INKA 005,,1.00
ALGE WAKAME        25gr.,INKA 007,ALGE WAKAME        25gr.,330.00,INKA 007,,1.00
MISO ONOZAKI      200gr.,INKA 009,MISO ONOZAKI      200gr.,750.00,INKA 009,,1.00
TAMARI SOS        200ml.,INKA 014,TAMARI SOS        200ml.,440.00,INKA 014,,0.00
INKA - FOLIJA     180gr.,INKA 017,INKA - FOLIJA     180gr.,205.00,INKA 017,,3.00
UMEBOSI SIRCE 200 ml.,INKA 019,UMEBOSI SIRCE 200 ml.,185.00,INKA 019,,1.00
ALGE ARAME 25gr.,INKA 021,ALGE ARAME 25gr.,330.00,INKA 021,,1.00
FEFERONI 220g 24/1# IRIKOM,IRIKOM 001,FEFERONI 220g 24/1# IRIKOM,80.00,IRIKOM 001,,2.00
VALF 3kg,ISHRANA 02,VALF 3kg,350.00,ISHRANA 02,,feb.38
GURABIJA SECER 3kg,ISHRANA 07,GURABIJA SECER 3kg,310.00,ISHRANA 07,,feb.27
MUSLI TROPIK 3/1 - JEZ,JEZ 001,MUSLI TROPIK 3/1 - JEZ,260.00,JEZ 001,,feb.23
MUSLI SPORT 3/1 - JEZ,JEZ 002,MUSLI SPORT 3/1 - JEZ,170.00,JEZ 002,,0.32
MUSLI CLASIC 3/1-JEZ,JEZ 003,MUSLI CLASIC 3/1-JEZ,150.00,JEZ 003,,3.00
PREZLA 200gr 30/1#  JEZ,JEZ 010,PREZLA 200gr 30/1#  JEZ,20.00,JEZ 010,,4.00
MUSLI CLASIC 250G 10/1#    - JEZ,JEZ 020,MUSLI CLASIC 250G 10/1#    - JEZ,75.00,JEZ 020,,1.00
MUSLI SPORT  250G 10/1#    - JEZ,JEZ 021,MUSLI SPORT  250G 10/1#    - JEZ,85.00,JEZ 021,,2.00
MUSLI TROPIK 250G 10/1#    - JEZ,JEZ 023,MUSLI TROPIK 250G 10/1#    - JEZ,90.00,JEZ 023,,2.00
SLAG PENA 100gr 20/1# x 6,JOKER12,SLAG PENA 100gr 20/1# x 6,30.00,JOKER12,,20.00
SLAG KREM BELI 100g 20/1# X 4,JOKER13,SLAG KREM BELI 100g 20/1# X 4,38.00,JOKER13,,19.00
SLAG KREM VANILA 100g 20/1# x 4,JOKER14,SLAG KREM VANILA 100g 20/1# x 4,38.00,JOKER14,,15.00
SLAG PENA 500gr 40/1      JOKER,JOKER26,SLAG PENA 500gr 40/1      JOKER,150.00,JOKER26,,3.00
SIRCE ALKOHOLNO 1/1 15-JUGOMIS,JUGOMIS 01,SIRCE ALKOHOLNO 1/1 15-JUGOMIS,49.00,JUGOMIS 01,,3.00
SIRCE VINSKO 1/1  15-JUGOMIS,JUGOMIS 08,SIRCE VINSKO 1/1  15-JUGOMIS,59.00,JUGOMIS 08,,1.00
KIKIRIKI SIROVI 25/1,KINA 001,KIKIRIKI SIROVI 25/1,170.00,KINA 001,,mar.16
KIRKOLINA FILTER CAJ ZA MRSAVLJENJE 20/,KIRKA 001,KIRKOLINA FILTER CAJ ZA MRSAVLJENJE 20/,115.00,KIRKA 001,,2.00
KIRKOLINA FILTER CAJ PROT. CELULITA 20/,KIRKA 004,KIRKOLINA FILTER CAJ PROT. CELULITA 20/,115.00,KIRKA 004,,3.00
KNJAZ MILOS 1.5L 6/1,KNJAZ 01,KNJAZ MILOS 1.5L 6/1,40.00,KNJAZ 01,,7.00
AQVA VIVA 1.5L 6/1,KNJAZ 02,AQVA VIVA 1.5L 6/1,42.00,KNJAZ 02,,4.00
KNJAZ MILOS 0.5L 12/1,KNJAZ 06,KNJAZ MILOS 0.5L 12/1,29.00,KNJAZ 06,,11.00
JUICE UP JABUKA 0.5L 12/1#,KNJAZ 14,JUICE UP JABUKA 0.5L 12/1#,38.00,KNJAZ 14,,6.00
AQVA VIVA 0.75  12/1 BRESKVA,KNJAZ 18,AQVA VIVA 0.75  12/1 BRESKVA,49.00,KNJAZ 18,,8.00
GUARANA 0.25L 4/1# NOVA CETVORKA,KNJAZ 38,GUARANA 0.25L 4/1# NOVA CETVORKA,54.00,KNJAZ 38,,11.00
BRUSNICA CAJ LIMENKA 120g  3/1#,KODIAK 001,BRUSNICA CAJ LIMENKA 120g  3/1#,315.00,KODIAK 001,,1.00
KOKOS DESERT 3/1,KONDI  08,KOKOS DESERT 3/1,380.00,KONDI  08,,feb.36
BELA KREM BANANA 2/1,KONDI 06,BELA KREM BANANA 2/1,380.00,KONDI 06,,jan.89
SMAJLI LESNIK 140g x 15,KONDIVA 03,SMAJLI LESNIK 140g x 15,140.00,KONDIVA 03,,2.00
SMAJLI MLEKO 140g x 15,KONDIVA 04,SMAJLI MLEKO 140g x 15,140.00,KONDIVA 04,,2.00
SMAJLI MIKS 1kg x 5,KONDIVA 05,SMAJLI MIKS 1kg x 5,920.00,KONDIVA 05,,0.52
LESNIK NAPOLITANKA 4.2kg/1# 350gr,KONDIVA 11,LESNIK NAPOLITANKA 4.2kg/1# 350gr,270.00,KONDIVA 11,,apr.20
LIMUN NAPOLITANKA 4.2kg/1#  350g,KONDIVA 13,LIMUN NAPOLITANKA 4.2kg/1#  350g,270.00,KONDIVA 13,,mar.84
VAFL KOCKA SA KAKAO FIL.I KAKAO PR.3kg,KONDIVA 19,VAFL KOCKA SA KAKAO FIL.I KAKAO PR.3kg,310.00,KONDIVA 19,,3.00
STANGLA SA LES.FIL I KAKAO PR.5kg,KONDIVA 20,STANGLA SA LES.FIL I KAKAO PR.5kg,310.00,KONDIVA 20,,mar.87
MORSKA SO 5kg KRUPNA,KRISTAL 002,MORSKA SO 5kg KRUPNA,27.00,KRISTAL 002,,0.00
PAPIRNE KORPICE br1  140kom,LEROS 001,PAPIRNE KORPICE br1  140kom,13.00,LEROS 001,,135.00
JESTIVE KORPICE MIX  120kom,LEROS 004,JESTIVE KORPICE MIX  120kom,apr.50,LEROS 004,,110.00
MINI SNACK-PIZZA narandzasta,LIBERO 001,MINI SNACK-PIZZA narandzasta,260.00,LIBERO 001,,0.97
MINI SNACK-SLANINA zuta,LIBERO 002,MINI SNACK-SLANINA zuta,260.00,LIBERO 002,,0.76
MINI SNACK-MIX,LIBERO 003,MINI SNACK-MIX,390.00,LIBERO 003,,0.78
SECER KOCKA 500g x 18,LUTKA 03,SECER KOCKA 500g x 18,53.00,LUTKA 03,,17.00
FRUTKO BOMBONE 20 gr  x 16 kom,M&M  002,FRUTKO BOMBONE 20 gr  x 16 kom,40.00,M&M  002,,10.00
KOMBUHA   1 L       1#/12kom,MACROB 001,KOMBUHA   1 L       1#/12kom,165.00,MACROB 001,,3.00
KOMBUHA   0.5 L     1#/12kom,MACROB 002,KOMBUHA   0.5 L     1#/12kom,99.00,MACROB 002,,3.00
BILJNI ZELATIN 10g 10/1#,MADICO 002,BILJNI ZELATIN 10g 10/1#,34.00,MADICO 002,,9.00
KVAS 0.33L 12/1# MALA KOMPANIJA,MALA 001,KVAS 0.33L 12/1# MALA KOMPANIJA,35.00,MALA 001,,4.00
KARANFILIC    10 gr - cvet,MALINA 002,KARANFILIC    10 gr - cvet,25.00,MALINA 002,,10.00
MAJORAN       10 gr 1#/10kom,MALINA 003,MAJORAN       10 gr 1#/10kom,15.00,MALINA 003,,10.00
KORIJANDER    10 gr 1#/10kom - mleveni,MALINA 007,KORIJANDER    10 gr 1#/10kom - mleveni,15.00,MALINA 007,,10.00
TIMIJAN       10 gr 1#/10kom,MALINA 011,TIMIJAN       10 gr 1#/10kom,17.00,MALINA 011,,10.00
BOSILJAK           10 gr,MALINA 015,BOSILJAK           10 gr,19.00,MALINA 015,,10.00
RUZMARIN           10 gr,MALINA 016,RUZMARIN           10 gr,19.00,MALINA 016,,8.00
ROGAC         200 gr     1#/20kom,MALINA 017,ROGAC         200 gr     1#/20kom,85.00,MALINA 017,,2.00
LOVOR LIST     10 gr    1#/50kom,MALINA 018,LOVOR LIST     10 gr    1#/50kom,21.00,MALINA 018,,7.00
CIPS XL 100gr x 12 kom,MARBO 013,CIPS XL 100gr x 12 kom,55.00,MARBO 013,,10.00
MINUT PIRE 120 gr x 10 kom,MARBO 031,MINUT PIRE 120 gr x 10 kom,43.00,MARBO 031,,9.00
CVETOVI VECI 1/1,MARINOVIC 001,CVETOVI VECI 1/1,67.00,MARINOVIC 001,,3.00
PAPRIKA TUCANA  LJUTA 1KG-MARTONOS,MARTONOS 004,PAPRIKA TUCANA  LJUTA 1KG-MARTONOS,640.00,MARTONOS 004,,0.90
PAPRIKA MLEVENA SLATKA 1KG,MARTONOS 005,PAPRIKA MLEVENA SLATKA 1KG,640.00,MARTONOS 005,,jan.25
"OBLANDE ""MB"" 20/1",MBNV 01,"OBLANDE ""MB"" 20/1",40.00,MBNV 01,,10.00
SVEDSKA GORCICA 110gr.,MDV 001,SVEDSKA GORCICA 110gr.,430.00,MDV 001,,1.00
HERBA CAJ       100gr.,MDV 002,HERBA CAJ       100gr.,215.00,MDV 002,,1.00
SWEDISH BITTER  250ml.,MDV 003,SWEDISH BITTER  250ml.,520.00,MDV 003,,1.00
LIVADSKI MED 0.96     1#/12kom,MED 01,LIVADSKI MED 0.96     1#/12kom,390.00,MED 01,,2.00
BAGREMOV MED 0.96     1#/12kom,MED 02,BAGREMOV MED 0.96     1#/12kom,410.00,MED 02,,2.00
SUMSKI MED 0.96       1#/12kom,MED 03,SUMSKI MED 0.96       1#/12kom,410.00,MED 03,,2.00
BAGREMOV MED 0.48     1#/24kom,MED 07,BAGREMOV MED 0.48     1#/24kom,245.00,MED 07,,1.00
LIVADSKI MED 0.48     1#/24kom,MED 08,LIVADSKI MED 0.48     1#/24kom,230.00,MED 08,,1.00
LIPOV MED 0.96        1#/12kom,MED 11,LIPOV MED 0.96        1#/12kom,390.00,MED 11,,2.00
POLEN    100 gr,MED 13,POLEN    100 gr,199.00,MED 13,,3.00
MENTOL BOMBONE 5/1,MENTOLKO 001,MENTOL BOMBONE 5/1,200.00,MENTOLKO 001,,feb.58
VOCNE BOMBONE MIKS TVRDE 5/1,MENTOLKO 005,VOCNE BOMBONE MIKS TVRDE 5/1,200.00,MENTOLKO 005,,4.okt
NATURAL BLOK LESNIK 30g 20kom x 8#,MGN 02,NATURAL BLOK LESNIK 30g 20kom x 8#,25.00,MGN 02,,0.00
NATURAL BLOK VISNJA 31g 20kom x 8#,MGN 04,NATURAL BLOK VISNJA 31g 20kom x 8#,25.00,MGN 04,,0.00
MINAKVA 2L X 6,MINA01,MINAKVA 2L X 6,33.00,MINA01,,8.00
REZANAC DOMACI 150g 20/1#,MIRA 002,REZANAC DOMACI 150g 20/1#,45.00,MIRA 002,,3.00
AROME TECNE VANILA         10 ml.,MLKM 003,AROME TECNE VANILA         10 ml.,30.00,MLKM 003,,2.00
AROME TECNE KIVI           10 ml.,MLKM 004,AROME TECNE KIVI           10 ml.,30.00,MLKM 004,,3.00
AROME TECNE JAGODA         10 ml.,MLKM 005,AROME TECNE JAGODA         10 ml.,30.00,MLKM 005,,1.00
AROME TECNE MALINA         10 ml.,MLKM 006,AROME TECNE MALINA         10 ml.,30.00,MLKM 006,,3.00
AROME TECNE BRESKVA        10 ml.,MLKM 007,AROME TECNE BRESKVA        10 ml.,30.00,MLKM 007,,3.00
AROME TECNE KRUSKA         10 ml.,MLKM 009,AROME TECNE KRUSKA         10 ml.,30.00,MLKM 009,,2.00
AROME TECNE RUM            10 ml.,MLKM 011,AROME TECNE RUM            10 ml.,30.00,MLKM 011,,2.00
AROME TECNE LESNIK         10 ml.,MLKM 014,AROME TECNE LESNIK         10 ml.,30.00,MLKM 014,,3.00
AROME TECNE BANANA         10 ml.,MLKM 018,AROME TECNE BANANA         10 ml.,30.00,MLKM 018,,2.00
AROME TECNE ANANAS         10 ml.,MLKM 019,AROME TECNE ANANAS         10 ml.,30.00,MLKM 019,,3.00
BOJE TECNE ZELENA          10 ml.,MLKM 021,BOJE TECNE ZELENA          10 ml.,30.00,MLKM 021,,2.00
BOJE TECNE ZUTA            10 ml.,MLKM 022,BOJE TECNE ZUTA            10 ml.,30.00,MLKM 022,,3.00
BOJE TECNE NARANDZASTA     10 ml.,MLKM 023,BOJE TECNE NARANDZASTA     10 ml.,30.00,MLKM 023,,3.00
BOJE TECNE PLAVA           10 ml.,MLKM 024,BOJE TECNE PLAVA           10 ml.,30.00,MLKM 024,,3.00
BOJE TECNE CRVENA          10 ml.,MLKM 025,BOJE TECNE CRVENA          10 ml.,30.00,MLKM 025,,2.00
BOJE TECNE LJUBICASTA      10 ml.,MLKM 026,BOJE TECNE LJUBICASTA      10 ml.,30.00,MLKM 026,,3.00
BRUSNICA 1/1 (vaccinium macrocarpa),MRDR 001,BRUSNICA 1/1 (vaccinium macrocarpa),620.00,MRDR 001,,apr.36
VOCNE KAPI BRESKVA NECTAR 2l 6/1#,NECTAR 011,VOCNE KAPI BRESKVA NECTAR 2l 6/1#,93.00,NECTAR 011,,6.00
VOCNE KAPI JABUKA 2L 50 % 6/1#,NECTAR 013,VOCNE KAPI JABUKA 2L 50 % 6/1#,89.00,NECTAR 013,,4.00
TOMATELLO 0.5L PARADAJZ PASIRANI 12/1#,NECTAR 014,TOMATELLO 0.5L PARADAJZ PASIRANI 12/1#,60.00,NECTAR 014,,0.00
KAKAO PRAH 100gr 40/# JEZ,NEGROPAK 002,KAKAO PRAH 100gr 40/# JEZ,60.00,NEGROPAK 002,,5.00
KREM BANANA 17g NELLY 40/1#,NELLI 001,KREM BANANA 17g NELLY 40/1#,6.00,NELLI 001,,41.00
ZELE ZEC SA COKO.PRELIVOM 25g 40/1# NEL,NELLI 003,ZELE ZEC SA COKO.PRELIVOM 25g 40/1# NEL,10.00,NELLI 003,,36.00
ZELE ZEC 22g 45/1# NELLY,NELLI 004,ZELE ZEC 22g 45/1# NELLY,8.00,NELLI 004,,40.00
NERA TREE SIRUP 0.5 l 6/1#  BEYOND,NERA 001,NERA TREE SIRUP 0.5 l 6/1#  BEYOND,2100.00,NERA 001,,1.00
REISHI LISTICI 50gr,NERA 004,REISHI LISTICI 50gr,650.00,NERA 004,,1.00
SITAKE GLJIVE 50gr,NERA 005,SITAKE GLJIVE 50gr,350.00,NERA 005,,1.00
NEXT JOY MULTIVITAMIN 0.5x12,NEXT 018,NEXT JOY MULTIVITAMIN 0.5x12,49.00,NEXT 018,,11.00
NEXT CL.NARANDZA 1Lx12kom,NEXT 032,NEXT CL.NARANDZA 1Lx12kom,88.00,NEXT 032,,9.00
NEXT CL.MULTIV. 1Lx12kom,NEXT 036,NEXT CL.MULTIV. 1Lx12kom,85.00,NEXT 036,,9.00
KLASIK CRVENA SVECICA 10kom/1#,OAZA 001,KLASIK CRVENA SVECICA 10kom/1#,35.00,OAZA 001,,10.00
KLASIK PLAVA SVECICA 10kom/1#,OAZA 002,KLASIK PLAVA SVECICA 10kom/1#,35.00,OAZA 002,,10.00
SPIRALA ZLATNA SVECICA 10KOM/1#,OAZA 003,SPIRALA ZLATNA SVECICA 10KOM/1#,68.00,OAZA 003,,10.00
SPIRALA SREBRNA SVECICA 10KOM/1#,OAZA 004,SPIRALA SREBRNA SVECICA 10KOM/1#,68.00,OAZA 004,,10.00
MALI BROJ SVEC.-ROZA 1/1,OAZA 005,MALI BROJ SVEC.-ROZA 1/1,30.00,OAZA 005,,9.00
MALI BROJ SVEC.-PLAVA 1/1,OAZA 006,MALI BROJ SVEC.-PLAVA 1/1,30.00,OAZA 006,,9.00
MAGICNI BROJ SVECICA 1/1,OAZA 008,MAGICNI BROJ SVECICA 1/1,58.00,OAZA 008,,10.00
SPORT RODJ.SVECICA 1/1,OAZA 011,SPORT RODJ.SVECICA 1/1,105.00,OAZA 011,,10.00
KOZMETIKA RODJ.SVECICA 1/1,OAZA 012,KOZMETIKA RODJ.SVECICA 1/1,105.00,OAZA 012,,10.00
INTEGRALNI DVOPEK    1#/36kom,PANEFINO 004,INTEGRALNI DVOPEK    1#/36kom,35.00,PANEFINO 004,,3.00
RAZANI DVOPEK        1#/36kom,PANEFINO 005,RAZANI DVOPEK        1#/36kom,35.00,PANEFINO 005,,3.00
SUPERTINO 3/1-PARACIN,PARACIN 01,SUPERTINO 3/1-PARACIN,380.00,PARACIN 01,,jan.83
KARAMELA BRONHI 3kg-PARACIN,PARACIN 02,KARAMELA BRONHI 3kg-PARACIN,500.00,PARACIN 02,,feb.90
KARAMELA KROKI 3kg-PARACIM,PARACIN 04,KARAMELA KROKI 3kg-PARACIM,430.00,PARACIN 04,,jan.58
CRNA COKOLADA 2.6KG-PARACIN,PARACIN 05,CRNA COKOLADA 2.6KG-PARACIN,370.00,PARACIN 05,,feb.30
BELA COKOLADA 2.6KG-PARACIN,PARACIN 06,BELA COKOLADA 2.6KG-PARACIN,370.00,PARACIN 06,,jan.80
BELE PRALINE 1.8KG-PARACIN,PARACIN 07,BELE PRALINE 1.8KG-PARACIN,420.00,PARACIN 07,,jan.16
CRNE PRALINE 1.8KG-PARACIN,PARACIN 08,CRNE PRALINE 1.8KG-PARACIN,420.00,PARACIN 08,,jan.42
BOMBONJERA GRAND LUX VI 240g 10/1#,PARACIN 114,BOMBONJERA GRAND LUX VI 240g 10/1#,220.00,PARACIN 114,,1.00
BOMBONJERA DIPLOMAT 190GR 01 z 24kom/1#,PARACIN 19,BOMBONJERA DIPLOMAT 190GR 01 z 24kom/1#,153.00,PARACIN 19,,1.00
BOMBONJERA DIPLOMAT 190GR 03 c 24kom/1#,PARACIN 20,BOMBONJERA DIPLOMAT 190GR 03 c 24kom/1#,153.00,PARACIN 20,,1.00
BOMBONJERA GRAND LUX III 240G-PRACIN,PARACIN 37,BOMBONJERA GRAND LUX III 240G-PRACIN,220.00,PARACIN 37,,1.00
BOMBONJERA DIPLOMAT 380GR 06-PARACIN,PARACIN 46,BOMBONJERA DIPLOMAT 380GR 06-PARACIN,270.00,PARACIN 46,,1.00
ZVAKA-BALONKA 4gx100kom,PARACIN 85,ZVAKA-BALONKA 4gx100kom,feb.50,PARACIN 85,,86.00
ZVAKA-NINDZA 4gx100kom,PARACIN 86,ZVAKA-NINDZA 4gx100kom,feb.50,PARACIN 86,,85.00
CILI SOS          250gr    1#/24kom,PATREKO 001,CILI SOS          250gr    1#/24kom,120.00,PATREKO 001,,1.00
SOJA SOS PET 200gr         1#/30kom,PATREKO 004,SOJA SOS PET 200gr         1#/30kom,75.00,PATREKO 004,,3.00
SOJA SOS PET 500gr         1#/30kom,PATREKO 005,SOJA SOS PET 500gr         1#/30kom,130.00,PATREKO 005,,1.00
SOJA SOS PET 200gr - LJUTI 1#/30kom,PATREKO 006,SOJA SOS PET 200gr - LJUTI 1#/30kom,100.00,PATREKO 006,,1.00
SIPKA VANILE 2.5gr   20kom/kut.,PATREKO 007,SIPKA VANILE 2.5gr   20kom/kut.,72.00,PATREKO 007,,20.00
INST.SUPA racici 60gr.  30/#,PATREKO 008,INST.SUPA racici 60gr.  30/#,39.00,PATREKO 008,,3.00
INST.SUPA pecurke 60gr 30/#,PATREKO 010,INST.SUPA pecurke 60gr 30/#,39.00,PATREKO 010,,5.00
PEPSI 2L 8/1#,PEPSI 73,PEPSI 2L 8/1#,75.00,PEPSI 73,,8.00
LESNIK KARAMELA 1kg X 5-PIONIR,PIONIR 01,LESNIK KARAMELA 1kg X 5-PIONIR,580.00,PIONIR 01,,jan.65
NEGRO-1.0kg X 6-PIONIR,PIONIR 02,NEGRO-1.0kg X 6-PIONIR,490.00,PIONIR 02,,jan.62
BOMB.NARANDZA1kg X 6-PIONIR,PIONIR 04,BOMB.NARANDZA1kg X 6-PIONIR,380.00,PIONIR 04,,0.30
BOMB.JAGODA 1kg X 6-PIONIR,PIONIR 05,BOMB.JAGODA 1kg X 6-PIONIR,380.00,PIONIR 05,,jan.38
KIDY MLECNI 30g 24kom X 9-PIONIR,PIONIR 09,KIDY MLECNI 30g 24kom X 9-PIONIR,23.00,PIONIR 09,,13.00
OLALA CAKE+MILK 35grx18kom/6#,PIONIR 118,OLALA CAKE+MILK 35grx18kom/6#,18.00,PIONIR 118,,0.00
OLALA COCOA CAKE 35grx18kom/6#,PIONIR 119,OLALA COCOA CAKE 35grx18kom/6#,18.00,PIONIR 119,,0.00
KIDY COKO+KARAMELA 30g 24kom X 6-PIONIR,PIONIR 12,KIDY COKO+KARAMELA 30g 24kom X 6-PIONIR,23.00,PIONIR 12,,24.00
OLALA ORANGE CAKE 35grx18kom/6#,PIONIR 120,OLALA ORANGE CAKE 35grx18kom/6#,18.00,PIONIR 120,,0.00
MARMELADA MESANA 700G 6/1# HISSAR,PIONIR 143,MARMELADA MESANA 700G 6/1# HISSAR,185.00,PIONIR 143,,0.00
MARMELADA SIPURAK 700gr 6/1#,PIONIR 153,MARMELADA SIPURAK 700gr 6/1#,208.00,PIONIR 153,,1.00
MARMELADA KAJSIJA 700gr 6/1#,PIONIR 154,MARMELADA KAJSIJA 700gr 6/1#,208.00,PIONIR 154,,0.00
MENTOL STRONG 1kg X10-PIONIR,PIONIR 17,MENTOL STRONG 1kg X10-PIONIR,340.00,PIONIR 17,,0.50
COKO O KLOK 300g 8/1#,PIONIR 172,COKO O KLOK 300g 8/1#,160.00,PIONIR 172,,2.00
MEDENO SRCE 1kg X 6-PIONIR,PIONIR 19,MEDENO SRCE 1kg X 6-PIONIR,510.00,PIONIR 19,,0.48
KESTEN DEZERT 30gr X 24kom x 12 -PIONIR,PIONIR 24,KESTEN DEZERT 30gr X 24kom x 12 -PIONIR,23.00,PIONIR 24,,23.00
MUSLI KEKS 2kg-PIRAMIDA,PIRAMIDA 01,MUSLI KEKS 2kg-PIRAMIDA,460.00,PIRAMIDA 01,,jan.49
TROPIK 2kg-PIRAMIDA,PIRAMIDA 02,TROPIK 2kg-PIRAMIDA,510.00,PIRAMIDA 02,,jan.63
DIJABET 2kg-PIRAMIDA,PIRAMIDA 05,DIJABET 2kg-PIRAMIDA,550.00,PIRAMIDA 05,,jan.73
POSNI MUSLI INTEGRAL 2kg-PIRAMIDA,PIRAMIDA 06,POSNI MUSLI INTEGRAL 2kg-PIRAMIDA,430.00,PIRAMIDA 06,,jan.82
BETI BISKVIT 2kg-PIRAMIDA,PIRAMIDA 08,BETI BISKVIT 2kg-PIRAMIDA,490.00,PIRAMIDA 08,,jan.50
MUSLI BRUSNICA 1kg-PIRAMIDA,PIRAMIDA 10,MUSLI BRUSNICA 1kg-PIRAMIDA,830.00,PIRAMIDA 10,,jan.35
RAZ BISKVIT 2kg PIRAMIDA,PIRAMIDA 13,RAZ BISKVIT 2kg PIRAMIDA,460.00,PIRAMIDA 13,,jan.37
SLJIVA BEZ KOSTICE 200g X 25kom-PLEMIC,PLEMIC 02,SLJIVA BEZ KOSTICE 200g X 25kom-PLEMIC,95.00,PLEMIC 02,,2.00
SUVA SLJIVA BEZ KOSTICE 5/1-PLEMIC,PLEMIC 05,SUVA SLJIVA BEZ KOSTICE 5/1-PLEMIC,330.00,PLEMIC 05,,apr.45
KRASTAVAC 0.720 12/1#      - PREHRANA,PRH 001,KRASTAVAC 0.720 12/1#      - PREHRANA,110.00,PRH 001,,4.00
PRINCEZA RF 1.5   - AMORETI,PRI01,PRINCEZA RF 1.5   - AMORETI,340.00,PRI01,,jan.21
PROLOM 6/1,PRO001,PROLOM 6/1,45.00,PRO001,,3.00
GALETE PIRINAC 12/1  Zelena,RACIO 001,GALETE PIRINAC 12/1  Zelena,105.00,RACIO 001,,2.00
GALETE SA KUKURUZOM 12/1 Zuta,RACIO 003,GALETE SA KUKURUZOM 12/1 Zuta,105.00,RACIO 003,,2.00
GALETE SA SOJOM 12/1 C,RACIO 004,GALETE SA SOJOM 12/1 C,105.00,RACIO 004,,2.00
GALETE OD ZITARICA-MIX 12/1 LJ,RACIO 005,GALETE OD ZITARICA-MIX 12/1 LJ,105.00,RACIO 005,,1.00
BONZITA MARELICA 25g 20kom-RAVANICA,RAVANICA 01,BONZITA MARELICA 25g 20kom-RAVANICA,25.00,RAVANICA 01,,20.00
BONZITA S.GROZDJE 25g 20kom-RAVANICA,RAVANICA 02,BONZITA S.GROZDJE 25g 20kom-RAVANICA,25.00,RAVANICA 02,,18.00
BONZITA COKOLADNA 30gr 20kom-RAVANICA,RAVANICA 06,BONZITA COKOLADNA 30gr 20kom-RAVANICA,28.00,RAVANICA 06,,20.00
BONZITA BRUSNICOM 25g 20/1,RAVANICA 31,BONZITA BRUSNICOM 25g 20/1,25.00,RAVANICA 31,,20.00
SO KUHINSKA TUZLANSKA 1/1 16/1,RAZNO 02,SO KUHINSKA TUZLANSKA 1/1 16/1,29.00,RAZNO 02,,13.00
MALTEX 920gr 12/#,RAZNO 14,MALTEX 920gr 12/#,260.00,RAZNO 14,,2.00
MALTEX 460gr 20/#,RAZNO 15,MALTEX 460gr 20/#,178.00,RAZNO 15,,2.00
ZACIN 250gr SUPER POSITIVE 12/1#,RAZNO 50,ZACIN 250gr SUPER POSITIVE 12/1#,35.00,RAZNO 50,,3.00
SUSAMOV TAAN 500gr,RAZNO 53,SUSAMOV TAAN 500gr,445.00,RAZNO 53,,1.00
STONI ZASLADJIVAC 84/1#  SWEETENER,RAZNO 55,STONI ZASLADJIVAC 84/1#  SWEETENER,125.00,RAZNO 55,,1.00
KAKAO MRVICE 20g 30/1-VUJOVIC,RAZNO 61,KAKAO MRVICE 20g 30/1-VUJOVIC,36.00,RAZNO 61,,30.00
UKRASNE SARENE MRVICE 20g 30/1-VUJOVIC,RAZNO 62,UKRASNE SARENE MRVICE 20g 30/1-VUJOVIC,36.00,RAZNO 62,,29.00
MUSKAT ORAH RENDE 10g 25/1-VUJOVIC,RAZNO 65,MUSKAT ORAH RENDE 10g 25/1-VUJOVIC,65.00,RAZNO 65,,23.00
URMA 200g 24/1,RAZNO 67,URMA 200g 24/1,55.00,RAZNO 67,,3.00
PIRINCANO MLEKO 400 gr ZAJIC,REPRO 001,PIRINCANO MLEKO 400 gr ZAJIC,329.00,REPRO 001,,1.00
SOJINO MLEKO x 10  ZAJIC,REPRO 002,SOJINO MLEKO x 10  ZAJIC,305.00,REPRO 002,,3.00
SOJINO MLEKO PLUS x 10 ZAJIC,REPRO 003,SOJINO MLEKO PLUS x 10 ZAJIC,329.00,REPRO 003,,2.00
GOLD KORNFLEKS  5/1,REPRO 007,GOLD KORNFLEKS  5/1,130.00,REPRO 007,,feb.13
HELJDINO MLEKO  400gr 10/1# ZAJIC,REPRO 009,HELJDINO MLEKO  400gr 10/1# ZAJIC,329.00,REPRO 009,,2.00
GOLD KORNFLEKS INTEGRALNI 5/1,REPRO 010,GOLD KORNFLEKS INTEGRALNI 5/1,130.00,REPRO 010,,jan.81
OVSENA KASA SA JABUKOM 260g-10/1#,REPRO 017,OVSENA KASA SA JABUKOM 260g-10/1#,245.00,REPRO 017,,3.00
OVSENA KASA SA COKOLADOM 260g-10/1#,REPRO 018,OVSENA KASA SA COKOLADOM 260g-10/1#,245.00,REPRO 018,,2.00
OVSENA KASA MALINA I VANILA 260g-10/1#,REPRO 021,OVSENA KASA MALINA I VANILA 260g-10/1#,245.00,REPRO 021,,2.00
PALENTA 5/1,RF 148,PALENTA 5/1,70.00,RF 148,,mar.47
KLIK KLAK 2Kg COKOLADA-AMORETI,RF 156,KLIK KLAK 2Kg COKOLADA-AMORETI,400.00,RF 156,,2.00
KOKOS BRASNO,RF01,KOKOS BRASNO,140.00,RF01,,mar.33
BADEM SIROVI,RF02,BADEM SIROVI,550.00,RF02,,apr.25
PRZENI (VAKUM) KIKIRIKI 2/1,RF04,PRZENI (VAKUM) KIKIRIKI 2/1,200.00,RF04,,jan.80
INTEGRALNE GRISINE 2/1,RF05,INTEGRALNE GRISINE 2/1,210.00,RF05,,3.maj
INTEGRALNE GRISINE LJUTE 2/1,RF06,INTEGRALNE GRISINE LJUTE 2/1,210.00,RF06,,jan.60
MEDENJAK 500g 16/1# DAKI,RF07,MEDENJAK 500g 16/1# DAKI,90.00,RF07,,2.00
SEMENKA BELA PECENA 5 kg,RF08,SEMENKA BELA PECENA 5 kg,360.00,RF08,,maj.37
KIKIRIKI PECENI 5/1,RF09,KIKIRIKI PECENI 5/1,190.00,RF09,,apr.25
SEME LANA RF,RF100,SEME LANA RF,110.00,RF100,,2.okt
COKO LESNIK 1.5KG  AMORETI,RF103,COKO LESNIK 1.5KG  AMORETI,370.00,RF103,,0.87
KIKIRIKI PECEN BLANSIRAN NESLAN 5/1,RF107,KIKIRIKI PECEN BLANSIRAN NESLAN 5/1,210.00,RF107,,apr.43
SUSAM,RF12,SUSAM,250.00,RF12,,maj.87
SOJA PECENA  - RULEX    5/1,RF13,SOJA PECENA  - RULEX    5/1,150.00,RF13,,mar.20
INTEG.RAZANO BRASNO 1kg 10/1,RF135,INTEG.RAZANO BRASNO 1kg 10/1,85.00,RF135,,9.00
INTEG.PSENICNO BRASNO 1kg 10/1,RF136,INTEG.PSENICNO BRASNO 1kg 10/1,58.00,RF136,,9.00
BADEM SIROVI-NONPAREL  22.68KG,RF137,BADEM SIROVI-NONPAREL  22.68KG,550.00,RF137,,-0.07
HELJDINO BRASNO 1/1 5/1#,RF145,HELJDINO BRASNO 1/1 5/1#,180.00,RF145,,0.00
SUVA SMOKVA 200gr 60/1#,RF146,SUVA SMOKVA 200gr 60/1#,63.00,RF146,,3.00
PIRINAC,RF15,PIRINAC,100.00,RF15,,4.00
AMORETI KAKAO TABLA ZA KOLACE 4kg#,RF156,AMORETI KAKAO TABLA ZA KOLACE 4kg#,190.00,RF156,,apr.67
BADEM PECENI 1/1,RF17,BADEM PECENI 1/1,680.00,RF17,,feb.65
LESNIK PECENI 1/1,RF18,LESNIK PECENI 1/1,920.00,RF18,,jan.94
INDIJSKI ORAH PRZENI VAKUM 2/1,RF19,INDIJSKI ORAH PRZENI VAKUM 2/1,860.00,RF19,,jan.42
ORAH JEZGO,RF21,ORAH JEZGO,520.00,RF21,,0.84
PISTACI,RF23,PISTACI,870.00,RF23,,0.02
KOKICAR,RF25,KOKICAR,70.00,RF25,,apr.94
LESNIK SIROVI,RF28,LESNIK SIROVI,770.00,RF28,,jan.89
PREZLA,RF36,PREZLA,60.00,RF36,,5.00
SUPSTITUT MLEKA U PRAHU,RF37,SUPSTITUT MLEKA U PRAHU,220.00,RF37,,4.okt
PIRINAC INTEGRALNI,RF38,PIRINAC INTEGRALNI,160.00,RF38,,4.00
PIRINAC VITAM.,RF39,PIRINAC VITAM.,160.00,RF39,,4.okt
PSENICA BELIJA,RF40,PSENICA BELIJA,70.00,RF40,,apr.90
GRIZ PSENICNI,RF41,GRIZ PSENICNI,50.00,RF41,,mar.80
SUVA KAJSIJA 5/1,RF42,SUVA KAJSIJA 5/1,420.00,RF42,,maj.20
MAK,RF43,MAK,220.00,RF43,,7.maj
LEBLEBIJA,RF44,LEBLEBIJA,350.00,RF44,,mar.35
SLIKE ZA TORTU,RF45,SLIKE ZA TORTU,90.00,RF45,,19.00
SECER U PRAHU 1/1 JOKER,RF46,SECER U PRAHU 1/1 JOKER,90.00,RF46,,3.feb
SUNCOKRET OLJUSTEN PECENI SOP 5/1,RF48,SUNCOKRET OLJUSTEN PECENI SOP 5/1,220.00,RF48,,apr.70
GOLICA PECENA 3/1,RF52,GOLICA PECENA 3/1,750.00,RF52,,feb.43
GOLICA SIROVA 3/1,RF532,GOLICA SIROVA 3/1,700.00,RF532,,jan.30
BIBER ZRNO,RF55,BIBER ZRNO,440.00,RF55,,jan.84
LIMUNTUS,RF62,LIMUNTUS,120.00,RF62,,3.00
KIM,RF63,KIM,350.00,RF63,,0.97
CIMET,RF64,CIMET,190.00,RF64,,1.okt
COKOLADNE MRVICE,RF65,COKOLADNE MRVICE,460.00,RF65,,0.80
KIKIRIKI PECENI NESLANI 5/1,RF69,KIKIRIKI PECENI NESLANI 5/1,210.00,RF69,,mar.29
KUKURUZNO BELO BRASNO 5/1,RF71,KUKURUZNO BELO BRASNO 5/1,70.00,RF71,,apr.49
SOCIVO,RF72,SOCIVO,160.00,RF72,,jan.90
KOKOS PUSLICA 3KG   - AMORETI,RF75,KOKOS PUSLICA 3KG   - AMORETI,220.00,RF75,,feb.40
RUM STANGLICE 2.5kg   -  AMORETI,RF76,RUM STANGLICE 2.5kg   -  AMORETI,340.00,RF76,,feb.44
PIRINAC -BALDO,RF77,PIRINAC -BALDO,140.00,RF77,,4.00
ZACIN 10/1-PRIRODA,RF81,ZACIN 10/1-PRIRODA,65.00,RF81,,jul.33
GRIZ KUKURUZNI    5/1,RF87,GRIZ KUKURUZNI    5/1,65.00,RF87,,apr.30
ZELATIN,RF88,ZELATIN,860.00,RF88,,jan.45
KUKURUZNO ZUTO BRASNO  5/1,RF94,KUKURUZNO ZUTO BRASNO  5/1,50.00,RF94,,0.99
KLICE PSENICNE SUSENE  5/1,RF96,KLICE PSENICNE SUSENE  5/1,170.00,RF96,,5.00
CILI      1/1,RF97,CILI      1/1,590.00,RF97,,1.00
KARI      1/1,RF98,KARI      1/1,340.00,RF98,,1.00
BELI LUK 1/1,RF99,BELI LUK 1/1,210.00,RF99,,1.00
TESTENINA SA POVRC.400g 10/1# BEZ HOLES,RIGATI 001,TESTENINA SA POVRC.400g 10/1# BEZ HOLES,75.00,RIGATI 001,,3.00
TESTENINA OD HELJDE 300g 10/1# (tockovi,RIGATI 002,TESTENINA OD HELJDE 300g 10/1# (tockovi,85.00,RIGATI 002,,2.00
TESTENINA INTEGRALNA-SPIRALA 400g 10/1#,RIGATI 003,TESTENINA INTEGRALNA-SPIRALA 400g 10/1#,65.00,RIGATI 003,,2.00
ZELE KRISKE LUBENICE 3/1,RINK 02,ZELE KRISKE LUBENICE 3/1,330.00,RINK 02,,3.00
ZELE KRISKE MIX 3/1,RINK 03,ZELE KRISKE MIX 3/1,330.00,RINK 03,,feb.62
ROLOVANI ZELE 3/1,RINK 04,ROLOVANI ZELE 3/1,380.00,RINK 04,,3.00
PAHULJE OVSENE   5 KG,RNF 010,PAHULJE OVSENE   5 KG,110.00,RNF 010,,jan.82
PAHULJE JECMENE      5 KG,RNF 011,PAHULJE JECMENE      5 KG,85.00,RNF 011,,mar.85
PAHULJE PSENICNE     5 KG,RNF 012,PAHULJE PSENICNE     5 KG,75.00,RNF 012,,mar.45
PAHULJE RAZANE       5 KG,RNF 013,PAHULJE RAZANE       5 KG,85.00,RNF 013,,mar.75
PSENICA CRVENA,RNF 015,PSENICA CRVENA,55.00,RNF 015,,5.00
BIBER BELI ZRNO,RNF 016,BIBER BELI ZRNO,620.00,RNF 016,,1.00
SUVO POVRCE 5/1,RNF 020,SUVO POVRCE 5/1,450.00,RNF 020,,apr.78
BIBER BELI MLEVENI,RNF 022,BIBER BELI MLEVENI,660.00,RNF 022,,1.00
ZUTI SECER      0.5 KG  20/1,RNF 025,ZUTI SECER      0.5 KG  20/1,130.00,RNF 025,,3.00
SUNCOKRET SIROV   5/1,RNF 026,SUNCOKRET SIROV   5/1,90.00,RNF 026,,5.00
DJUMBIR   1 KG,RNF 028,DJUMBIR   1 KG,470.00,RNF 028,,0.75
PROSO NEOLJUSTENI,RNF 031,PROSO NEOLJUSTENI,80.00,RNF 031,,apr.30
GERSLA - OLJUSTENI JECAM,RNF 033,GERSLA - OLJUSTENI JECAM,50.00,RNF 033,,apr.70
PROSO OLJUSTEN,RNF 034,PROSO OLJUSTEN,120.00,RNF 034,,apr.34
BRAZILSKI ORAH,RNF 035,BRAZILSKI ORAH,620.00,RNF 035,,1.feb
OVAS    OLJUSTENI,RNF 036,OVAS    OLJUSTENI,80.00,RNF 036,,apr.65
OVAS NEOLJUSTENI,RNF 037,OVAS NEOLJUSTENI,50.00,RNF 037,,5.00
SUNCOKRET OLJUSTEN SIROV SOS 5 KG,RNF 038,SUNCOKRET OLJUSTEN SIROV SOS 5 KG,160.00,RNF 038,,feb.19
RIZITA - cok.sa rizom 1.6 kg - AMORETI,RNF 042,RIZITA - cok.sa rizom 1.6 kg - AMORETI,370.00,RNF 042,,jan.46
SECERNE MRVICE U BOJI,RNF 044,SECERNE MRVICE U BOJI,460.00,RNF 044,,0.90
SUVA SLJIVA,RNF 045,SUVA SLJIVA,150.00,RNF 045,,mar.33
SUVO GROZDJE SVETLO,RNF 058,SUVO GROZDJE SVETLO,220.00,RNF 058,,3.mar
KIKIRIKI U KARAMELI I SUSAMU 1/1,RNF 060,KIKIRIKI U KARAMELI I SUSAMU 1/1,400.00,RNF 060,,jan.92
KRCKO INTEGRALNI KEKS 3KG -AMORETI,RNF 063,KRCKO INTEGRALNI KEKS 3KG -AMORETI,220.00,RNF 063,,feb.30
KREMKO KREM 1/1  - BILJANA,RNF 067,KREMKO KREM 1/1  - BILJANA,235.00,RNF 067,,3.00
KREMKO KREM 0.5KG - BILJANA,RNF 068,KREMKO KREM 0.5KG - BILJANA,130.00,RNF 068,,3.00
EXTRA SUNCOKRET PECENI 5/1,RNF 082,EXTRA SUNCOKRET PECENI 5/1,140.00,RNF 082,,jun.55
ZELENA KAFA 14gr    15TK,RNF 085,ZELENA KAFA 14gr    15TK,165.00,RNF 085,,15.00
ROSA NEGAZIRANA VODA 1.5L  6/1       54,ROSA 01,ROSA NEGAZIRANA VODA 1.5L  6/1       54,45.00,ROSA 01,,6.00
ROSA NEGAZIRANA 6L/1***BALON***,ROSA 05,ROSA NEGAZIRANA 6L/1***BALON***,120.00,ROSA 05,,1.00
ROSA NEGAZ.VODA 0.5L 24/1,ROSA 06,ROSA NEGAZ.VODA 0.5L 24/1,30.00,ROSA 06,,19.00
VINJAK 40 %  1 X 6 kom -  RUBIN,RUBIN 001,VINJAK 40 %  1 X 6 kom -  RUBIN,570.00,RUBIN 001,,0.00
GORKI GORKI 1L 6/1#,SAD 001,GORKI GORKI 1L 6/1#,750.00,SAD 001,,0.00
PETIT BEURE 6/1-SL P9B,SL 01,PETIT BEURE 6/1-SL P9B,190.00,SL 01,,feb.95
KOKTEL KENDI 1/1 6kg-SL E8C,SL 05,KOKTEL KENDI 1/1 6kg-SL E8C,320.00,SL 05,,0.92
COKO BISKVIT-MILK 4/1-SL CM9,SL 06,COKO BISKVIT-MILK 4/1-SL CM9,480.00,SL 06,,jan.80
ORANGE BISKVIT 4/1-SL B9O,SL 10,ORANGE BISKVIT 4/1-SL B9O,380.00,SL 10,,mar.24
PARTI 5/1-SL S9P,SL 11,PARTI 5/1-SL S9P,230.00,SL 11,,apr.21
BONI TOP - tuba 30X25gr.   6/# A1BT,SL 173,BONI TOP - tuba 30X25gr.   6/# A1BT,23.00,SL 173,,0.00
COKO KVATRO RF 5/1  C9Q,SL 176,COKO KVATRO RF 5/1  C9Q,480.00,SL 176,,apr.60
EUROVAFEL 180g 14kom/1  E2L,SL 195,EUROVAFEL 180g 14kom/1  E2L,96.00,SL 195,,1.00
BEVITA 4/1# RF B8K,SL 210,BEVITA 4/1# RF B8K,160.00,SL 210,,feb.32
ISLERI 3/1-SL B9I,SL 22,ISLERI 3/1-SL B9I,360.00,SL 22,,jan.60
ISLERI EUROKREM RF B9E 3kg,SL 221,ISLERI EUROKREM RF B9E 3kg,470.00,SL 221,,3.00
KAKAO KREM 4.2kg-SL KK9,SL 24,KAKAO KREM 4.2kg-SL KK9,360.00,SL 24,,3.avg
KVIKERSI 250g 15kom-SL SK4,SL 25,KVIKERSI 250g 15kom-SL SK4,60.00,SL 25,,10.00
MILKI KARAMELA 1KG-SL EM8   6/1#,SL 26,MILKI KARAMELA 1KG-SL EM8   6/1#,370.00,SL 26,,jan.99
EUROCREM STICKS 100g Z2E 30/1#,SL 97,EUROCREM STICKS 100g Z2E 30/1#,43.00,SL 97,,5.00
SOJIN LECITIN 350gr  20/1#,SOJA 01,SOJIN LECITIN 350gr  20/1#,275.00,SOJA 01,,1.00
SOJA LJUSPICE 15kg,SOJA 05,SOJA LJUSPICE 15kg,170.00,SOJA 05,,13.31
SOJA ODRESCI 12kg,SOJA 06,SOJA ODRESCI 12kg,350.00,SOJA 06,,nov.80
SOJA PASTETA PARADAJZ 50G 6/1#,SOJA 12,SOJA PASTETA PARADAJZ 50G 6/1#,60.00,SOJA 12,,6.00
SOJA PASTETA PECURKE 50G 6/1#,SOJA 13,SOJA PASTETA PECURKE 50G 6/1#,60.00,SOJA 13,,6.00
VATROMET SPARKI 12CM  4KOM/1#,SPARKI 01,VATROMET SPARKI 12CM  4KOM/1#,58.00,SPARKI 01,,4.00
VATROMET SPARKI 25CM  4KOM/1#,SPARKI 02,VATROMET SPARKI 25CM  4KOM/1#,125.00,SPARKI 02,,4.00
MUZICKA SVECICA,SPARKI 03,MUZICKA SVECICA,125.00,SPARKI 03,,3.00
BAKARNA BOJA-ZVEZDANI PRAH 20/#,SPARKI 04,BAKARNA BOJA-ZVEZDANI PRAH 20/#,106.00,SPARKI 04,,2.00
BRONZANA BOJA-ZVEZDANI PRAH 20/#,SPARKI 05,BRONZANA BOJA-ZVEZDANI PRAH 20/#,106.00,SPARKI 05,,2.00
ZLATNA BOJA-ZVEZDANI PRAH 20/#,SPARKI 06,ZLATNA BOJA-ZVEZDANI PRAH 20/#,106.00,SPARKI 06,,2.00
SREBRNA BOJA-ZVEZDANI PRAH 20/#,SPARKI 07,SREBRNA BOJA-ZVEZDANI PRAH 20/#,106.00,SPARKI 07,,2.00
BISERNA BOJA-ZVEZDANI PRAH 20/#,SPARKI 08,BISERNA BOJA-ZVEZDANI PRAH 20/#,106.00,SPARKI 08,,2.00
SISTALJKA 24/1# PLANET STYLE,SPARKI 11,SISTALJKA 24/1# PLANET STYLE,30.00,SPARKI 11,,20.00
MARGARIN STONI 5kgSANTA VITA,ST.VITA 002,MARGARIN STONI 5kgSANTA VITA,31.50,ST.VITA 002,,6.00
NAPOLITANKE SA PREL.200G 40kom-STA 1056,STARK 01,NAPOLITANKE SA PREL.200G 40kom-STA 1056,75.00,STARK 01,,4.00
NAPOLITANKE SA PREL.100G 65kom-STA 1057,STARK 02,NAPOLITANKE SA PREL.100G 65kom-STA 1057,40.00,STARK 02,,2.00
FAZON 25G 30/1-STARK               1081,STARK 03,FAZON 25G 30/1-STARK               1081,12.00,STARK 03,,30.00
PISKOTE 210 15Kkom-STARK           3085,STARK 04,PISKOTE 210 15Kkom-STARK           3085,99.00,STARK 04,,5.00
PISKOTE 105 32Kkom-STARK           3084,STARK 05,PISKOTE 105 32Kkom-STARK           3084,49.00,STARK 05,,3.00
AVALA 1/1 8/1-STARK                4181,STARK 09,AVALA 1/1 8/1-STARK                4181,150.00,STARK 09,,1.00
ZELJE NARAN.75% KAKAO 75g STARK 20/1#,STARK 100,ZELJE NARAN.75% KAKAO 75g STARK 20/1#,95.00,STARK 100,,1.00
NAJ.ZELJE MINI 150g 12/1# STARK kesica,STARK 103,NAJ.ZELJE MINI 150g 12/1# STARK kesica,163.00,STARK 103,,2.00
MENAZ 100g 20kom-STARK,STARK 11,MENAZ 100g 20kom-STARK,73.00,STARK 11,,5.00
MENAZ 200g 20kom-STARK,STARK 12,MENAZ 200g 20kom-STARK,139.00,STARK 12,,3.00
NAJ.ZELJE 90G 20kom-STARK         13657,STARK 17,NAJ.ZELJE 90G 20kom-STARK         13657,82.00,STARK 17,,4.00
NAJ.ZELJE 200G 20kom-STARK         1370,STARK 18,NAJ.ZELJE 200G 20kom-STARK         1370,170.00,STARK 18,,2.00
KREM BANANA 25G 40kom-STARK,STARK 21,KREM BANANA 25G 40kom-STARK,10.00,STARK 21,,48.00
NO PROBLEM 40G 24kom-STARK,STARK 22,NO PROBLEM 40G 24kom-STARK,25.00,STARK 22,,24.00
SVIT 40g 25kom-STARK               8008,STARK 25,SVIT 40g 25kom-STARK               8008,23.00,STARK 25,,25.00
SMOKI 50g 40kom-STARK              0691,STARK 29,SMOKI 50g 40kom-STARK              0691,23.00,STARK 29,,4.00
KEKS BETIS 300G 15kom-STARK        4215,STARK 38,KEKS BETIS 300G 15kom-STARK        4215,87.00,STARK 38,,2.00
CAJNI KOLUTICI 800GRX4KOM STARK,STARK 45,CAJNI KOLUTICI 800GRX4KOM STARK,190.00,STARK 45,,jan.70
PRIMA STAPICI 40G  X 64 KOM-STARK,STARK 65,PRIMA STAPICI 40G  X 64 KOM-STARK,10.00,STARK 65,,9.00
CHERRY 200gr 12kom/1#-STARK,STARK 71,CHERRY 200gr 12kom/1#-STARK,273.00,STARK 71,,1.00
ZELJE 75g CRNA 75% 20/1# STARK,STARK 97,ZELJE 75g CRNA 75% 20/1# STARK,95.00,STARK 97,,3.00
ZELJE ML.KREM 100gr 30/1# STARK,STARK 98,ZELJE ML.KREM 100gr 30/1# STARK,85.00,STARK 98,,2.00
SU-SUMSKI MIX 1.5l 8/1#,SU 33,SU-SUMSKI MIX 1.5l 8/1#,88.00,SU 33,,7.00
ULJE SUNCE 15/1,SUNCE 01,ULJE SUNCE 15/1,81.00,SUNCE 01,,3.00
PUDING COKOLADA 100g 40/1# S.POSITIVE,SUPER P.001,PUDING COKOLADA 100g 40/1# S.POSITIVE,17.00,SUPER P.001,,8.00
PUDING JAGODA 100g 40/1# S.POSITIVE,SUPER P.002,PUDING JAGODA 100g 40/1# S.POSITIVE,14.00,SUPER P.002,,10.00
PUDING VANILA 100g 40/1# S.POSITIVE,SUPER P.003,PUDING VANILA 100g 40/1# S.POSITIVE,16.00,SUPER P.003,,33.00
PROBAVINO 3KG,SW-FAM 017,PROBAVINO 3KG,630.00,SW-FAM 017,,feb.91
EURO KREM KOFA 1/1 6kom-TAKOVO,TAKOVO 06,EURO KREM KOFA 1/1 6kom-TAKOVO,485.00,TAKOVO 06,,2.00
EURO KREM CASA 200G 24kom-TAKOVO,TAKOVO 07,EURO KREM CASA 200G 24kom-TAKOVO,110.00,TAKOVO 07,,2.00
EURO KREM CINIJA 500g 12kom-TAKOVO,TAKOVO 08,EURO KREM CINIJA 500g 12kom-TAKOVO,260.00,TAKOVO 08,,1.00
GRISKI 40g 65kom-TAKOVO Z1G,TAKOVO 10,GRISKI 40g 65kom-TAKOVO Z1G,15.00,TAKOVO 10,,10.00
CAR NA DAR sa KAKAO flips 250gr 12/1 F2,TAKOVO 15,CAR NA DAR sa KAKAO flips 250gr 12/1 F2,101.00,TAKOVO 15,,1.00
CAR NA DAR flips SA MEDOM 200gr 12/1 F2,TAKOVO 16,CAR NA DAR flips SA MEDOM 200gr 12/1 F2,87.00,TAKOVO 16,,2.00
TAKO-DIJET 150 gr    1#/19kom,TAKOVO 21,TAKO-DIJET 150 gr    1#/19kom,72.00,TAKOVO 21,,2.00
TAKI-LAKI DVOPEK 125gr x 16 kom F2T,TAKOVO 22,TAKI-LAKI DVOPEK 125gr x 16 kom F2T,50.00,TAKOVO 22,,4.00
VILJAMOVKA 40% 0.7   6/1#,TAKOVO 23,VILJAMOVKA 40% 0.7   6/1#,1085.00,TAKOVO 23,,0.00
EURODESERT kesa 150gr  15TK,TAKOVO 294,EURODESERT kesa 150gr  15TK,180.00,TAKOVO 294,,2.00
KONCEN.KOKOSIJA SUPA(2x22gr) x 48 DK2K,TAKOVO 32,KONCEN.KOKOSIJA SUPA(2x22gr) x 48 DK2K,35.00,TAKOVO 32,,6.00
KONCEN.GOVEDJA SUPA (2x22gr) x 48 DK2G,TAKOVO 33,KONCEN.GOVEDJA SUPA (2x22gr) x 48 DK2G,35.00,TAKOVO 33,,3.00
VODKA BALTIK SPECIJAL 40% 1L  6kom#,TAKOVO 49,VODKA BALTIK SPECIJAL 40% 1L  6kom#,450.00,TAKOVO 49,,0.00
DOMACI RUM 40% 0.100  30kom/1#,TAKOVO 50,DOMACI RUM 40% 0.100  30kom/1#,63.50,TAKOVO 50,,4.00
DIAMEL 250 gr,UFAR 001,DIAMEL 250 gr,215.00,UFAR 001,,1.00
KOMBINOVANA SO 100gr  48kom/1#,UFAR 002,KOMBINOVANA SO 100gr  48kom/1#,59.00,UFAR 002,,3.00
UKRASI ZA TORTU-UKI,UKI 001,UKRASI ZA TORTU-UKI,65.00,UKI 001,,3.00
ULJE BUNDEVE 250ml 15/1#,UVITA 002,ULJE BUNDEVE 250ml 15/1#,438.00,UVITA 002,,0.00
ULJE OD LANA 250ml 15/1 PVC,UVITA 003,ULJE OD LANA 250ml 15/1 PVC,255.00,UVITA 003,,1.00
ULJE OD SUSAMA 250ml 12/1,UVITA 004,ULJE OD SUSAMA 250ml 12/1,290.00,UVITA 004,,1.00
ULJE OD SOJE 500ml 12/1,UVITA 008,ULJE OD SOJE 500ml 12/1,160.00,UVITA 008,,1.00
MEKINJE 5/1 VEGA,VEGA 002,MEKINJE 5/1 VEGA,65.00,VEGA 002,,apr.80
PIRINCANO BRASNO 1/1 10/1#,VEGA 021,PIRINCANO BRASNO 1/1 10/1#,250.00,VEGA 021,,3.00
OVSENO BRASNO 0.500g 10/1#,VEGA 022,OVSENO BRASNO 0.500g 10/1#,59.00,VEGA 022,,9.00
JECMENO BRASNO 0.500g 10/1#,VEGA 023,JECMENO BRASNO 0.500g 10/1#,39.00,VEGA 023,,10.00
GUSTIN 100g 20/1#-VEGA,VEGA 024,GUSTIN 100g 20/1#-VEGA,17.00,VEGA 024,,17.00
SODA 200g 30/1#-VEGA,VEGA 025,SODA 200g 30/1#-VEGA,29.00,VEGA 025,,28.00
MLEVENI KEKS-VEKIC 5/1,VEKIC 025,MLEVENI KEKS-VEKIC 5/1,120.00,VEKIC 025,,jan.97
TUTKU  210g  18kom,VH025,TUTKU  210g  18kom,105.00,VH025,,5.00
VINCINI KORE SVETLE 700g  5/#,VINCINI 001,VINCINI KORE SVETLE 700g  5/#,260.00,VINCINI 001,,1.00
VINCINI KORE TAMNE  700g  5/#,VINCINI 002,VINCINI KORE TAMNE  700g  5/#,260.00,VINCINI 002,,1.00
MED ZA DIJABETICARE   0.25,VITASLAD 001,MED ZA DIJABETICARE   0.25,203.00,VITASLAD 001,,2.00
SURUTKA U PRAHU 250g 60/1# JEZ,VIVA 01,SURUTKA U PRAHU 250g 60/1# JEZ,72.00,VIVA 01,,3.00
DEKSTROZA 250 gr 60/1# JEZ,VIVA 02,DEKSTROZA 250 gr 60/1# JEZ,54.00,VIVA 02,,3.00
FRUKTOZA 250gr  60/1#  JEZ,VIVA 05,FRUKTOZA 250gr  60/1#  JEZ,104.00,VIVA 05,,2.00
CVEKLA PASTERIZOVANA 700g 12/1# IRIKOM,VOCAR 001,CVEKLA PASTERIZOVANA 700g 12/1# IRIKOM,64.00,VOCAR 001,,0.00
CREAM ROLLS LESNIK 2,5 kg WALTZ,WALTZ 001,CREAM ROLLS LESNIK 2,5 kg WALTZ,360.00,WALTZ 001,,0.00
CREAM ROLLS JAGODA 2/1kg WALTZ,WALTZ 003,CREAM ROLLS JAGODA 2/1kg WALTZ,360.00,WALTZ 003,,0.00
PSENICA 250gr 12/1#     ZRNCO,ZRNCO 001,PSENICA 250gr 12/1#     ZRNCO,145.00,ZRNCO 001,,3.00
RAZ 250gr 12/1#         ZRNCO,ZRNCO 002,RAZ 250gr 12/1#         ZRNCO,145.00,ZRNCO 002,,2.00
JECAM 250 gr 12/1#      ZRNCO,ZRNCO 003,JECAM 250 gr 12/1#      ZRNCO,145.00,ZRNCO 003,,3.00
OVAS 250 gr 12/1#       ZRNCO,ZRNCO 004,OVAS 250 gr 12/1#       ZRNCO,145.00,ZRNCO 004,,2.00
SPEARMINT 30kom/1   20TK - ORBIT,ZVK 002,SPEARMINT 30kom/1   20TK - ORBIT,40.00,ZVK 002,,28.00
EUCALYPTUS 30kom/1   20TK - ORBIT,ZVK 003,EUCALYPTUS 30kom/1   20TK - ORBIT,40.00,ZVK 003,,30.00
APPLE 30kom/1 20TK - ORBIT,ZVK 025,APPLE 30kom/1 20TK - ORBIT,40.00,ZVK 025,,30.00
